object_id,image_name,object_id_in_image,area_px2,top_left_x,top_left_y,bottom_right_x,bottom_right_y,center,width_px,length_px,volume_px3,solidity,strict_solidity,lw_ratio,area_in2,weight_oz,Grade
1,20250709_123304.jpg,0,16034.0,1632,1595,1836,1742,"(1741, 1668)",93.29522705078125,221.23316955566406,997263.7803548176,0.9821444978714281,0.9256158061970031,2.3713235558689973,7.19033356401384,8.61916616453778,Medium
2,20250709_123304.jpg,1,17989.5,1588,1673,1722,1861,"(1660, 1761)",116.90833282470703,194.42164611816406,1402081.6355667114,0.9887600307793778,0.9355691318359309,1.6630264192517474,8.067263667820068,10.201919000659279,Medium
3,20250709_123304.jpg,2,28004.0,1937,1544,2087,1829,"(2020, 1677)",124.92826080322266,289.86431884765625,2332327.343688965,0.9624029142896419,0.9117942156619325,2.320246171554634,12.55819515570934,19.50995650871621,Large 2
4,20250709_123304.jpg,3,13754.5,1707,1530,1882,1685,"(1802, 1596)",87.65547180175781,225.96710205078125,803771.4579315186,0.9621895767750962,0.9179657945562719,2.5779006992493283,6.168107958477508,6.884946080545253,Medium
5,20250709_123304.jpg,4,18607.5,1762,1727,1956,1858,"(1858, 1792)",130.0,193.0,1612650.0,0.9899976058099013,0.9485999410945353,1.4846153846153847,8.344401384083044,10.719434150423973,Large 1
6,20250709_123304.jpg,5,9123.5,1577,1528,1688,1632,"(1632, 1579)",103.0,110.0,626480.3333333333,0.9901779900151942,0.9496883198977966,1.0679611650485437,4.091368858131487,3.773248978319227,Not Marketable
7,20250709_123304.jpg,6,6238.5,1885,1601,1970,1707,"(1921, 1659)",68.42367553710938,112.25060272216797,284574.0665588379,0.9838353571991799,0.9307065855678004,1.6405228430222107,2.7976110726643593,2.1620780268119093,Not Marketable
